Player_Id,COUNTRY_ID,Matches,Bat_Innings,Bowl_Innings,Not_Outs,Runs_Scored,Highest_Score,Hundreds,Fifties,Ducks,Fours,Sixes,Maidens,Runs_Conceded,Wickets,BBI,Four_Wkt_Hauls,Five_Wkt_Hauls,Catches,Stumpings,COUNTRY_NAME,Player_Name,T20_BOWLING.Bowl_Avg,T20_BOWLING.Economy_Rate,T20_BOWLING.Overs,T20_BOWLING.SR,T20_FIELDING.Dissmissals,T20_FIELDING.Field_Innings,T20_FIELDING.Matches
1,AUS,2009-2014,51,0,2,1391,90*,0,10,5,133,63,0,0,0,0,0,0,28,0,Australia,DA Warner,0,0,0,0,28,51,51
2,AUS,19,6,19,3,15,4*,0,0,1,1,0,2,438,19,3\11,0,0,6,0,Australia,NW Bracken,23.05,6.97,62.5,19.8,6,19,19
3,AUS,39,36,25,3,756,88*,0,3,4,41,34,1,392,19,3\25,0,0,24,0,Australia,DJ Hussey,20.63,6.51,60.1,19,24,39,39
4,AUS,45,43,39,3,1074,81,0,10,3,83,66,2,945,39,4\15,1,0,15,0,Australia,SR Watson,24.23,7.56,125,19.2,15,45,45
5,AUS,33,29,0,6,402,47,0,0,2,30,13,0,0,0,0,0,0,17,5,Australia,BJ Haddin,0,0,0,0,22,33,33
6,AUS,11,5,11,1,22,13,0,0,1,1,1,2,315,16,3\15,0,0,1,0,Australia,PJ Cummins,19.68,7.32,43,16.1,1,11,11
7,AUS,44,41,5,12,918,85*,0,5,3,64,43,0,51,1,1\11,0,0,22,0,Australia,CL White,51,7.28,7,42,22,44,44
8,AUS,38,30,1,11,721,60*,0,4,1,58,25,0,5,0,0,0,0,20,0,Australia,MEK Hussey,0,5,1,0,20,38,38
9,AUS,30,17,30,7,109,28*,0,0,2,8,3,2,797,38,3\15,0,0,5,0,Australia,MG Johnson,20.97,7.28,109.2,17.2,5,30,30
10,AUS,13,13,0,1,272,48,0,0,0,27,13,0,0,0,0,0,0,17,0,Australia,AC Gilchrist,0,0,0,0,17,13,13
11,AUS,20,15,16,4,165,34,0,0,1,12,3,1,373,17,3\20,0,0,16,0,Australia,SPD Smith,21.94,7.85,47.3,16.7,16,20,20
12,AUS,15,4,14,3,16,12*,0,0,0,1,1,2,403,27,4\18,1,0,1,0,Australia,DP Nannes,14.92,7.6,53,11.7,1,15,15
13,AUS,22,13,0,4,202,72,0,1,0,11,8,0,0,0,0,0,0,12,2,Australia,MS Wade,0,0,0,0,14,22,22
14,AUS,19,5,19,1,10,6,0,0,1,0,1,2,498,28,3\13,0,0,3,0,Australia,SW Tait,17.78,6.94,71.4,15.3,3,19,19
15,AUS,34,28,15,5,488,67,0,1,2,29,10,0,225,6,1\2,0,0,13,0,Australia,MJ Clarke,37.5,8.65,26,26,13,34,34
16,AUS,18,18,2,2,660,156,1,5,0,70,30,0,27,0,0,0,0,3,0,Australia,AJ Finch,0,13.5,2,0,3,18,18
17,AUS,21,17,17,2,303,74,0,1,0,24,21,0,320,11,2\15,0,0,11,0,Australia,GJ Maxwell,29.09,7.27,44,24,11,21,21
18,AUS,28,25,0,7,470,63,0,2,1,37,20,0,0,0,0,0,0,9,0,Australia,GJ Bailey,0,0,0,0,9,28,28
19,AUS,3,1,3,1,2,2*,0,0,0,0,0,1,95,4,2\27,0,0,0,0,Australia,RJ Harris,23.75,8.14,11.4,17.5,0,3,3
20,AUS,17,16,0,2,401,98*,0,2,2,41,11,0,0,0,0,0,0,8,0,Australia,RT Ponting,0,0,0,0,8,17,17
21,AUS,15,4,15,0,55,41,0,0,0,3,3,1,373,7,2\31,0,0,1,0,Australia,GB Hogg,53.28,7.61,49,42,1,15,15
22,AUS,25,12,25,6,101,43*,0,0,2,9,4,0,714,28,3\23,0,0,6,0,Australia,B Lee,25.5,7.86,90.5,19.4,6,25,25
23,AUS,15,6,15,3,18,6*,0,0,1,2,0,0,310,11,3\27,0,0,5,0,Australia,DT Christian,28.18,8.85,35,19,5,15,15
24,AUS,15,11,3,4,183,36,0,0,0,9,7,0,43,1,1\13,0,0,5,0,Australia,BJ Hodge,43,8.6,5,30,5,15,15
25,AUS,6,4,6,2,19,7,0,0,1,1,1,1,183,4,2\24,0,0,0,0,Australia,CJ McKay,45.75,8.07,22.4,34,0,6,6
26,AUS,14,11,12,4,337,85*,0,2,2,33,10,0,277,8,2\14,0,0,3,0,Australia,A Symonds,34.62,8.98,30.5,23.1,3,14,14
27,AUS,9,0,9,0,0,0,0,0,0,0,0,0,237,13,4\20,1,0,4,0,Australia,SR Clark,18.23,6.58,36,16.6,4,9,9
28,AUS,2,1,2,0,0,0,0,0,1,0,0,1,41,4,3\18,0,0,0,0,Australia,AA Noffke,10.25,5.46,7.3,11.2,0,2,2
29,AUS,10,4,10,2,41,16*,0,0,1,1,4,0,311,14,4\31,1,0,4,0,Australia,NM Coulter-Nile,22.21,8.4,37,15.8,4,10,10
30,AUS,9,9,0,3,308,73*,0,4,0,37,13,0,0,0,0,0,0,1,0,Australia,ML Hayden,0,0,0,0,1,9,9
31,AUS,3,2,3,0,29,29,0,0,1,1,3,0,88,1,1\18,0,0,4,0,Australia,BCJ Cutting,88,8.8,10,60,4,3,3
32,AUS,5,3,0,0,22,21,0,0,1,2,1,0,0,0,0,0,0,4,0,Australia,TD Paine,0,0,0,0,4,5,5
33,AUS,18,5,18,1,12,4,0,0,0,0,0,1,459,24,3\11,0,0,3,0,Australia,MA Starc,19.12,6.8,67.3,16.8,3,18,18
34,AUS,12,7,12,2,105,30,0,0,0,7,1,0,283,10,2\26,0,0,3,0,Australia,JR Hopes,28.3,7.64,37,22.2,3,12,12
35,AUS,13,13,0,1,223,47*,0,0,2,12,10,0,0,0,0,0,0,3,0,Australia,SE Marsh,0,0,0,0,3,13,13
36,AUS,6,2,6,2,1,1*,0,0,0,0,0,0,176,6,1\23,0,0,2,0,Australia,DE Bollinger,29.33,7.33,24,24,2,6,6
37,AUS,5,2,5,1,4,3,0,0,0,0,0,0,109,6,2\13,0,0,3,0,Australia,JM Muirhead,18.16,7.26,15,15,3,5,5
38,AUS,4,2,4,2,5,5*,0,0,0,1,0,0,104,3,2\17,0,0,3,0,Australia,JL Pattinson,34.66,8,13,26,3,4,4
39,AUS,7,5,1,2,139,51,0,1,0,8,2,0,5,2,2\5,0,0,3,0,Australia,AC Voges,2.5,2.5,2,6,3,7,7
40,AUS,7,5,7,2,40,13,0,0,0,2,1,0,209,7,3\28,0,0,2,0,Australia,JP Faulkner,29.85,8.14,25.4,22,2,7,7
41,AUS,2,1,2,1,3,3*,0,0,0,0,0,0,57,5,4\29,1,0,2,0,Australia,MS Kasprowicz,11.4,8.14,7,8.4,2,2,2
42,AUS,4,4,0,0,120,96,0,1,0,11,5,0,0,0,0,0,0,1,0,Australia,DR Martyn,0,0,0,0,1,4,4
43,AUS,3,2,0,0,69,39,0,0,0,8,2,0,0,0,0,0,0,2,0,Australia,SM Katich,0,0,0,0,2,3,3
44,AUS,11,4,11,3,18,9*,0,0,0,1,0,0,300,10,3\20,0,0,0,0,Australia,XJ Doherty,30,7.89,38,22.8,0,11,11
45,AUS,4,3,0,0,31,17,0,0,0,3,1,0,0,0,0,0,0,1,0,Australia,TR Birt,0,0,0,0,1,4,4
46,AUS,3,3,0,0,16,8,0,0,1,1,0,0,0,0,0,0,0,1,0,Australia,CJ Ferguson,0,0,0,0,1,3,3
47,AUS,2,1,2,1,3,3*,0,0,0,0,0,0,68,3,3\25,0,0,0,0,Australia,Fawad Ahmed,22.66,8.5,8,16,0,2,2
48,AUS,3,2,2,0,6,4,0,0,0,1,0,0,47,2,1\20,0,0,1,0,Australia,NM Hauritz,23.5,6.4,7.2,22,1,3,3
49,AUS,4,2,3,0,13,12,0,0,0,1,0,0,65,3,2\35,0,0,1,0,Australia,MC Henriques,21.66,9.28,7,14,1,4,4
50,AUS,1,0,1,0,0,0,0,0,0,0,0,0,35,2,2\35,0,0,0,0,Australia,B Geeves,17.5,10.5,3.2,10,0,1,1
51,AUS,1,1,1,0,24,24,0,0,0,4,0,0,49,1,1\49,0,0,0,0,Australia,JN Gillespie,49,12.25,4,24,0,1,1
52,AUS,3,0,3,0,0,0,0,0,0,0,0,0,118,2,1\32,0,0,1,0,Australia,B Laughlin,59,9.97,11.5,35.5,1,3,3
53,AUS,3,3,2,1,49,36,0,0,0,2,4,0,41,1,1\30,0,0,1,0,Australia,MR Marsh,41,8.2,5,30,1,3,3
54,AUS,2,0,2,0,0,0,0,0,0,0,0,0,49,4,2\18,0,0,1,0,Australia,ML Lewis,12.25,6.53,7.3,11.2,1,2,2
55,AUS,3,1,3,1,0,0*,0,0,0,0,0,0,113,3,2\21,0,0,0,0,Australia,SM Harwood,37.66,9.41,12,24,0,3,3
56,AUS,2,1,0,1,33,33*,0,0,0,1,3,0,0,0,0,0,0,1,0,Australia,CA Lynn,0,0,0,0,1,2,2
57,AUS,3,2,0,0,47,36,0,0,0,8,1,0,0,0,0,0,0,0,0,Australia,L Ronchi,0,0,0,0,0,3,3
57,NZ,8,6,0,3,140,51*,0,1,1,11,7,0,0,0,0,0,0,8,1,New Zealand,L Ronchi,0,0,0,0,9,8,8
58,AUS,2,1,2,0,5,5,0,0,0,0,0,0,79,5,3\31,0,0,1,0,Australia,GD McGrath,15.8,9.87,8,9.6,1,2,2
59,AUS,3,3,3,2,32,15,0,0,0,2,1,0,66,3,3\14,0,0,0,0,Australia,JW Hastings,22,6.6,10,20,0,3,3
60,AUS,4,0,4,0,0,0,0,0,0,0,0,0,155,7,4\30,1,0,0,0,Australia,JR Hazlewood,22.14,9.68,16,13.7,0,4,4
61,AUS,1,1,0,0,34,34,0,0,0,6,1,0,0,0,0,0,0,0,0,Australia,NJ Maddinson,0,0,0,0,0,1,1
62,AUS,7,5,7,0,32,22,0,0,0,4,1,0,149,6,3\29,0,0,1,0,Australia,SNJ O'Keefe,24.83,7.84,19,19,1,7,7
63,AUS,7,3,7,1,2,2,0,0,1,0,0,0,161,9,2\15,0,0,0,0,Australia,BW Hilfenhaus,17.88,6.19,26,17.3,0,7,7
64,AUS,1,1,0,0,20,20,0,0,0,1,0,0,0,0,0,0,0,0,0,Australia,MJ North,0,0,0,0,0,1,1
65,AUS,1,1,0,0,15,15,0,0,0,1,1,0,0,0,0,0,0,0,0,Australia,LA Pomersbach,0,0,0,0,0,1,1
66,AUS,1,1,0,0,16,16,0,0,0,0,1,0,0,0,0,0,0,0,0,Australia,BJ Rohrer,0,0,0,0,0,1,1
67,AUS,2,1,2,1,1,1*,0,0,0,0,0,0,58,3,2\24,0,0,0,0,Australia,PM Siddle,19.33,7.25,8,16,0,2,2
68,ENG,35,35,3,5,1167,79,0,7,1,119,32,0,53,1,1\27,0,0,14,0,England,KP Pietersen,53,10.6,5,30,14,35,35
69,ENG,53,25,55,9,118,18*,0,0,2,7,3,2,1491,65,4\24,1,0,21,0,England,SCJ Broad,22.93,7.62,195.3,18,21,53,53
70,ENG,36,15,38,10,97,34,0,0,2,9,1,4,859,51,3\13,0,0,4,0,England,GP Swann,16.84,6.36,135,15.8,4,36,36
71,ENG,47,42,23,4,725,99*,0,4,9,67,30,0,465,18,2\24,0,0,14,0,England,LJ Wright,25.83,8.45,55,18.3,14,47,47
72,ENG,46,45,0,9,1026,85*,0,5,1,94,37,0,0,0,0,0,0,21,0,England,EJG Morgan,0,0,0,0,21,46,46
73,ENG,29,29,0,3,945,116*,1,6,3,102,28,0,0,0,0,0,0,16,0,England,AD Hales,0,0,0,0,16,29,29
74,ENG,18,4,19,3,1,1*,0,0,1,0,0,1,552,18,3\23,0,0,3,0,England,JM Anderson,30.66,7.84,70.2,23.4,3,18,18
75,ENG,34,32,19,8,661,65*,0,3,0,48,15,1,349,16,4\10,1,0,5,0,England,RS Bopara,21.81,6.88,50.4,19,5,34,34
76,ENG,33,21,34,9,211,47*,0,0,3,15,6,1,887,24,3\10,0,0,10,0,England,TT Bresnan,36.95,8.02,110.3,27.6,10,33,33
77,ENG,33,29,0,7,480,67,0,2,2,37,19,0,0,0,0,0,0,10,1,England,JC Buttler,0,0,0,0,11,33,33
78,ENG,33,32,19,2,583,79,0,3,2,37,24,0,329,16,4\22,1,0,13,0,England,PD Collingwood,20.56,8.89,37,13.8,13,33,33
79,ENG,32,7,33,2,24,12,0,0,1,3,0,1,1020,39,4\22,1,0,7,0,England,JW Dernbach,26.15,8.71,117,18,7,32,32
80,ENG,25,25,0,1,536,63,0,3,1,61,21,0,0,0,0,0,0,7,0,England,MJ Lumb,0,0,0,0,7,25,25
81,ENG,6,6,4,0,57,36,0,0,1,8,1,0,41,0,0,0,0,1,0,England,MM Ali,0,8.2,5,0,1,6,6
82,ENG,23,23,0,1,512,63,0,3,2,47,23,0,0,0,0,0,0,15,3,England,C Kieswetter,0,0,0,0,18,23,23
83,ENG,1,1,1,0,4,4,0,0,0,0,0,0,17,0,0,0,0,0,0,England,GJ Batty,0,5.66,3,0,0,1,1
84,ENG,17,14,0,4,194,60*,0,1,0,16,5,0,0,0,0,0,0,20,0,England,JM Bairstow,0,0,0,0,20,17,17
85,ENG,17,3,18,3,14,8*,0,0,0,1,0,0,487,25,3\16,0,0,4,0,England,ST Finn,19.48,7.16,68,16.3,4,17,17
86,ENG,1,1,1,0,14,14,0,0,0,2,0,0,15,1,1\15,0,0,1,0,England,SG Borthwick,15,3.75,4,24,1,1,1
87,ENG,17,14,15,2,189,67,0,1,2,17,5,0,321,7,2\6,0,0,3,0,England,SR Patel,45.85,7.64,42,36,3,17,17
88,ENG,16,15,0,1,347,55*,0,1,0,26,13,0,0,0,0,0,0,5,0,England,OA Shah,0,0,0,0,5,16,16
89,ENG,6,1,6,1,0,0*,0,0,0,0,0,0,199,5,2\25,0,0,1,0,England,DR Briggs,39.8,11.05,18,21.6,1,6,6
90,ENG,16,1,18,1,5,5*,0,0,0,1,0,0,437,23,3\16,0,0,5,0,England,RJ Sidebottom,19,7.14,61.1,15.9,5,16,16
91,ENG,14,13,14,5,123,31,0,0,3,8,5,0,309,12,3\18,0,0,7,0,England,AD Mascarenhas,25.75,7.35,42,21,7,14,14
92,ENG,3,3,3,0,60,32,0,0,0,6,0,0,39,2,1\10,0,0,1,0,England,JWM Dalrymple,19.5,7.8,5,15,1,3,3
93,ENG,14,6,13,3,32,22,0,0,1,4,1,0,347,6,1\16,0,0,2,0,England,JC Tredwell,57.83,7.73,44.5,44.8,2,14,14
94,ENG,13,7,13,5,96,35*,0,0,2,9,1,0,299,11,2\19,0,0,8,0,England,MH Yardy,27.18,6.5,46,25,8,13,13
95,ENG,4,4,1,0,20,14,0,0,1,2,0,0,9,1,1\9,0,0,1,0,England,JL Denly,9,9,1,6,1,4,4
96,ENG,9,8,0,2,127,32,0,0,1,11,5,0,0,0,0,0,0,6,2,England,MJ Prior,0,0,0,0,8,9,9
97,ENG,7,7,0,1,175,60*,0,1,0,21,2,0,0,0,0,0,0,4,0,England,IR Bell,0,0,0,0,4,7,7
98,ENG,7,7,7,1,76,31,0,0,1,7,2,0,161,5,2\23,0,0,5,0,England,A Flintoff,32.2,6.44,25,30,5,7,7
99,ENG,3,3,0,0,166,72,0,2,0,23,1,0,0,0,0,0,0,2,0,England,ME Trescothick,0,0,0,0,2,3,3
100,ENG,7,5,4,2,152,90*,0,1,0,20,2,0,80,3,1\13,0,0,4,0,England,JE Root,26.66,11.42,7,14,4,7,7
101,ENG,2,0,2,0,0,0,0,0,0,0,0,0,49,3,3\16,0,0,0,0,England,D Gough,16.33,7.17,6.5,13.6,0,2,2
102,ENG,6,5,6,2,75,27*,0,0,0,4,5,0,138,8,3\39,0,0,5,0,England,CJ Jordan,17.25,7.52,18.2,13.7,5,6,6
103,ENG,6,6,0,0,138,51,0,1,0,9,3,0,0,0,0,0,0,0,0,England,IJL Trott,0,0,0,0,0,6,6
104,ENG,6,5,3,1,49,31,0,0,1,4,2,0,92,0,0,0,0,0,0,England,BA Stokes,0,11.5,8,0,0,6,6
105,ENG,2,0,2,0,0,0,0,0,0,0,0,0,42,1,1\13,0,0,1,0,England,SJ Harmison,42,6.46,6.3,39,1,2,2
106,ENG,5,5,0,0,102,33,0,0,0,12,0,0,0,0,0,0,0,2,1,England,SM Davies,0,0,0,0,3,5,5
107,ENG,5,5,0,2,37,14*,0,0,0,0,1,0,0,0,0,0,0,3,3,England,JS Foster,0,0,0,0,6,5,5
108,ENG,5,2,5,1,10,9*,0,0,0,0,0,0,120,3,1\11,0,0,0,0,England,AU Rashid,40,8.57,14,28,0,5,5
109,ENG,1,1,1,0,2,2,0,0,0,0,0,0,34,2,2\34,0,0,0,0,England,A Khan,17,8.5,4,12,0,1,1
110,ENG,4,4,0,0,61,26,0,0,0,10,0,0,0,0,0,0,0,1,0,England,AN Cook,0,0,0,0,1,4,4
111,ENG,1,1,1,1,2,2*,0,0,0,0,0,0,17,0,0,0,0,0,0,England,RJ Kirtley,0,17,1,0,0,1,1
112,ENG,4,4,2,0,113,50,0,1,0,12,3,0,26,3,2\6,0,0,1,0,England,DL Maddy,8.66,8.66,3,6,1,4,4
113,ENG,2,2,2,1,1,1,0,0,0,0,0,0,55,4,4\24,1,0,1,0,England,J Lewis,13.75,7.85,7,10.5,1,2,2
114,ENG,4,2,4,2,1,1*,0,0,0,0,0,0,155,3,1\31,0,0,1,0,England,SI Mahmood,51.66,11.07,14,28,1,4,4
115,ENG,4,4,4,3,24,9*,0,0,0,2,0,0,92,4,2\15,0,0,1,0,England,CP Schofield,23,7.16,12.5,19.2,1,4,4
116,ENG,4,4,0,0,73,33,0,0,1,9,0,0,0,0,0,0,0,1,0,England,AJ Strauss,0,0,0,0,1,4,4
117,ENG,4,3,4,2,37,19*,0,0,0,1,2,0,113,2,1\29,0,0,1,0,England,CR Woakes,56.5,10.27,11,33,1,4,4
118,ENG,2,0,2,0,0,0,0,0,0,0,0,0,70,2,1\28,0,0,1,0,England,SC Meaker,35,8.93,7.5,23.5,1,2,2
119,ENG,3,3,0,0,76,43,0,0,0,10,1,0,0,0,0,0,0,3,0,England,VS Solanki,0,0,0,0,3,3,3
120,ENG,3,1,3,0,1,1,0,0,0,0,0,0,72,0,0,0,0,2,0,England,SD Parry,0,9,8,0,2,3,3
121,ENG,1,1,1,0,1,1,0,0,0,0,0,0,40,2,2\40,0,0,0,0,England,MS Panesar,20,10,4,12,0,1,1
122,ENG,3,1,3,1,0,0*,0,0,0,0,0,0,97,3,2\38,0,0,1,0,England,A Shahzad,32.33,8.81,11,22,1,3,3
123,ENG,1,0,1,0,0,0,0,0,0,0,0,0,37,1,1\37,0,0,0,0,England,LE Plunkett,37,9.25,4,24,0,1,1
124,ENG,2,2,0,0,60,40,0,0,0,5,4,0,0,0,0,0,0,0,0,England,P Mustard,0,0,0,0,0,2,2
125,ENG,2,2,0,1,33,19,0,0,0,5,0,0,0,0,0,0,0,2,0,England,GO Jones,0,0,0,0,2,2,2
126,ENG,1,0,1,0,0,0,0,0,0,0,0,0,24,1,1\24,0,0,0,0,England,WB Rankin,24,6,4,24,0,1,1
127,ENG,2,1,0,0,1,1,0,0,0,0,0,0,0,0,0,0,0,0,0,England,EC Joyce,0,0,0,0,0,2,2
128,ENG,2,2,0,0,27,27,0,0,1,4,0,0,0,0,0,0,0,0,0,England,MP Vaughan,0,0,0,0,0,2,2
129,ENG,1,0,0,0,0,0,0,0,0,0,0,0,0,0,0,0,0,1,1,England,TR Ambrose,0,0,0,0,2,1,1
130,ENG,1,1,0,1,10,10*,0,0,0,0,0,0,0,0,0,0,0,1,0,England,RWT Key,0,0,0,0,1,1,1
131,ENG,1,1,1,0,7,7,0,0,0,0,0,0,12,0,0,0,0,1,0,England,JN Snape,0,12,1,0,1,1,1
132,ENG,1,1,0,1,31,31*,0,0,0,2,1,0,0,0,0,0,0,0,1,England,PA Nixon,0,0,0,0,1,1,1
133,ENG,1,0,1,0,0,0,0,0,0,0,0,0,45,2,2\45,0,0,0,0,England,CT Tremlett,22.5,11.25,4,12,0,1,1
134,ENG,1,1,0,0,13,13,0,0,0,2,0,0,0,0,0,0,0,1,0,England,CMW Read,0,0,0,0,1,1,1
135,NZ,66,66,0,10,2043,123,2,13,3,192,85,0,0,0,0,0,0,34,8,New Zealand,BB McCullum,0,0,0,0,42,66,66
136,IND,25,11,24,4,100,21,0,0,0,10,4,4,573,22,4\12,1,0,6,0,India,Harbhajan Singh,26.04,6.36,90,24.5,6,24,25
137,NZ,57,52,0,9,1056,63,0,5,4,68,42,0,0,0,0,0,0,36,0,New Zealand,LRPL Taylor,0,0,0,0,36,57,57
138,NZ,47,45,1,6,1241,101*,1,5,2,110,49,0,11,0,0,0,0,24,0,New Zealand,MJ Guptill,0,11,1,0,24,47,47
139,IND,21,11,21,3,77,25,0,0,1,3,1,2,494,13,3\48,0,0,11,0,India,RA Jadeja,38,7.19,68.4,31.6,11,21,21
140,NZ,54,33,51,11,270,36*,0,0,3,17,7,0,1079,52,4\16,2,0,20,0,New Zealand,NL McCullum,20.75,6.77,159.1,18.3,20,54,54
141,NZ,34,12,34,4,52,23,0,0,1,2,3,2,1083,42,5\18,0,1,15,0,New Zealand,TG Southee,25.78,8.66,125,17.8,15,34,34
142,IND,10,3,9,2,20,19*,0,0,1,4,0,2,288,7,2\12,0,0,2,0,India,S Sreesanth,41.14,8.47,34,29.1,2,9,10
143,NZ,36,30,26,8,461,60,0,2,2,28,23,0,417,20,4\15,1,0,13,0,New Zealand,JEC Franklin,20.85,7.65,54.3,16.3,13,36,36
144,NZ,31,29,21,2,578,66,0,1,0,40,25,0,349,18,3\5,0,0,8,0,New Zealand,SB Styris,19.38,6.77,51.3,17.1,8,31,31
145,NZ,35,29,32,6,464,66*,0,2,3,37,22,0,793,19,3\33,0,0,12,0,New Zealand,JDP Oram,41.73,8.71,91,28.7,12,35,35
146,IND,4,2,3,0,15,14,0,0,0,2,0,1,85,3,2\10,0,0,0,0,India,AB Agarkar,28.33,8.09,10.3,21,0,3,4
147,NZ,11,7,10,1,68,20*,0,0,1,6,3,0,250,6,2\21,0,0,10,0,New Zealand,CJ Anderson,41.66,8.06,31,31,10,11,11
148,NZ,11,9,0,1,61,26,0,0,0,6,2,0,0,0,0,0,0,9,0,New Zealand,PD McGlashan,0,0,0,0,9,11,11
149,IND,25,6,25,4,55,17*,0,0,0,6,1,1,695,25,4\11,1,0,5,0,India,R Ashwin,27.8,7.23,96,23,5,25,25
150,NZ,33,21,33,6,205,38,0,0,2,14,2,1,720,37,4\20,1,0,9,0,New Zealand,DL Vettori,19.45,5.61,128.1,20.7,9,33,33
151,IND,7,1,7,0,0,0,0,0,1,0,0,1,151,4,2\13,0,0,2,0,India,PP Chawla,37.75,6.56,23,34.5,2,7,7
152,NZ,40,18,41,6,131,33*,0,0,4,10,5,1,1202,40,3\33,0,0,8,0,New Zealand,KD Mills,30.05,8.25,145.4,21.8,8,40,40
153,NZ,22,21,5,1,457,62,0,3,2,47,18,0,68,2,1\2,0,0,7,0,New Zealand,JD Ryder,34,6.8,10,30,7,22,22
154,IND,9,2,9,1,22,19,0,0,0,1,0,1,245,17,4\19,1,0,1,0,India,AB Dinda,14.41,8.16,30,10.5,1,9,9
155,NZ,17,15,6,3,352,51,0,1,0,39,5,0,100,2,1\6,0,0,8,0,New Zealand,KS Williamson,50,11.53,8.4,26,8,17,17
156,IND,10,3,10,0,7,6,0,0,1,0,0,1,193,8,2\14,0,0,1,0,India,P Kumar,24.12,7.42,26,19.5,1,10,10
157,NZ,10,8,0,0,86,36,0,0,0,5,5,0,0,0,0,0,0,4,2,New Zealand,GJ Hopkins,0,0,0,0,6,10,10
158,NZ,20,18,13,0,326,58,0,2,2,33,11,0,167,5,2\20,0,0,5,0,New Zealand,RJ Nicol,33.4,8.14,20.3,24.6,5,20,20
159,NZ,13,7,13,4,70,21*,0,0,1,5,3,0,391,16,3\25,0,0,5,0,New Zealand,DAJ Bracewell,24.43,9.61,40.4,15.2,5,13,13
160,IND,7,0,7,0,0,0,0,0,0,0,0,1,168,11,3\26,0,0,0,0,India,A Mishra,15.27,6.46,26,14.1,0,7,7
161,NZ,20,8,20,3,21,8*,0,0,2,2,0,2,543,25,3\18,0,0,4,0,New Zealand,SE Bond,21.72,7,77.3,18.6,4,20,20
162,IND,24,14,23,7,172,33*,0,0,0,9,7,1,618,28,3\16,0,0,2,0,India,IK Pathan,22.07,8.02,77,16.5,2,23,24
163,NZ,10,6,0,1,67,36,0,0,0,7,1,0,0,0,0,0,0,4,0,New Zealand,NT Broom,0,0,0,0,4,10,10
164,NZ,12,12,0,1,127,25,0,0,2,7,6,0,0,0,0,0,0,4,0,New Zealand,PG Fulton,0,0,0,0,4,12,12
165,IND,2,0,2,0,0,0,0,0,0,0,0,0,71,0,0,0,0,0,0,India,P Awana,0,11.83,6,0,0,2,2
166,NZ,14,4,15,3,7,6*,0,0,1,1,0,2,419,16,2\24,0,0,4,0,New Zealand,MJ McClenaghan,26.18,7.85,53.2,20,4,14,14
167,NZ,13,12,0,3,194,73*,0,1,0,12,10,0,0,0,0,0,0,2,0,New Zealand,C Munro,0,0,0,0,2,13,13
168,NZ,11,4,10,1,9,5,0,0,1,1,0,1,269,16,3\20,0,0,4,0,New Zealand,JS Patel,16.81,8.11,33.1,12.4,4,11,11
169,IND,5,0,5,0,0,0,0,0,0,0,0,0,121,10,3\19,0,0,0,0,India,L Balaji,12.1,7.56,16,9.6,0,5,5
170,NZ,4,4,2,1,74,40*,0,0,0,7,2,0,50,4,3\20,0,0,3,0,New Zealand,NJ Astle,12.5,7.31,6.5,10.2,3,4,4
171,NZ,8,7,0,1,187,57,0,1,0,8,14,0,0,0,0,0,0,3,0,New Zealand,CD McMillan,0,0,0,0,3,8,8
172,NZ,18,6,18,5,5,2*,0,0,0,0,0,1,481,23,3\19,0,0,3,0,New Zealand,IG Butler,20.91,8.06,59.4,15.5,3,18,18
173,IND,4,0,4,0,0,0,0,0,0,0,0,0,138,4,2\20,0,0,2,0,India,Joginder Sharma,34.5,9.51,14.3,21.7,2,4,4
174,NZ,9,9,0,0,174,42,0,0,1,17,3,0,0,0,0,0,0,1,0,New Zealand,L Vincent,0,0,0,0,1,9,9
175,NZ,7,5,6,2,43,14*,0,0,1,6,1,0,123,6,3\16,0,0,3,0,New Zealand,JDS Neesham,20.5,7.93,15.3,15.5,3,7,7
176,IND,1,0,1,0,0,0,0,0,0,0,0,0,27,0,0,0,0,0,0,India,M Kartik,0,6.75,4,0,0,1,1
177,NZ,7,6,1,0,126,63,0,1,0,19,2,0,24,2,2\24,0,0,3,0,New Zealand,AJ Redmond,12,8.47,2.5,8.5,3,7,7
178,NZ,6,6,0,0,151,62,0,1,0,12,9,0,0,0,0,0,0,1,0,New Zealand,HD Rutherford,0,0,0,0,1,6,6
179,NZ,4,4,0,0,6,5,0,0,2,1,0,0,0,0,0,0,0,2,0,New Zealand,DG Brownlie,0,0,0,0,2,4,4
180,IND,17,4,17,2,13,9,0,0,0,0,1,0,448,17,4\19,1,0,2,0,India,Z Khan,26.35,7.63,58.4,20.7,2,17,17
181,NZ,5,5,0,0,110,38,0,0,0,20,0,0,0,0,0,0,0,2,0,New Zealand,SP Fleming,0,0,0,0,2,5,5
182,NZ,5,5,1,0,59,23,0,0,0,1,4,0,7,0,0,0,0,2,0,New Zealand,DR Flynn,0,7,1,0,2,5,5
183,IND,27,25,11,5,906,78*,0,8,0,96,19,0,183,3,1\13,0,0,13,0,India,V Kohli,61,8.07,22.4,45.3,13,27,27
184,NZ,13,3,13,1,37,20*,0,0,0,4,1,1,337,10,2\42,0,0,2,0,New Zealand,RM Hira,33.7,7.96,42.2,25.4,2,13,13
185,IND,9,2,9,2,6,6*,0,0,0,0,0,0,193,11,3\9,0,0,2,0,India,B Kumar,17.54,6.22,31,16.9,2,9,9
186,NZ,2,2,0,0,29,22,0,0,0,2,0,0,0,0,0,0,0,2,0,New Zealand,BJ Watling,0,0,0,0,2,2,2
187,NZ,4,2,4,1,13,7,0,0,0,1,0,0,105,3,2\20,0,0,1,0,New Zealand,AR Adams,35,8.18,12.5,25.6,1,4,4
188,IND,3,0,3,0,0,0,0,0,0,0,0,0,87,2,1\29,0,0,0,0,India,Mohammed Shami,43.5,8.7,10,30,0,3,3
189,NZ,1,0,1,0,0,0,0,0,0,0,0,0,45,1,1\45,0,0,1,0,New Zealand,GW Aldridge,45,11.25,4,24,1,1,1
190,NZ,2,2,2,0,3,2,0,0,0,0,0,0,52,1,1\28,0,0,1,0,New Zealand,CL Cairns,52,6.5,8,48,1,2,2
191,IND,8,3,8,0,22,22,0,0,2,1,2,0,274,13,3\19,0,0,3,0,India,A Nehra,21.07,8.83,31,14.3,3,8,8
192,NZ,4,4,0,2,13,8,0,0,0,1,0,0,0,0,0,0,0,1,0,New Zealand,C de Grandhomme,0,0,0,0,1,4,4
193,NZ,11,6,10,4,21,7,0,0,0,0,0,3,255,10,4\7,1,0,1,0,New Zealand,MR Gillespie,25.5,7.28,35,21,1,11,11
194,IND,6,1,6,1,10,10*,0,0,0,0,1,0,132,10,4\21,1,0,1,0,India,PP Ojha,13.2,6.28,21,12.6,1,6,6
195,NZ,5,5,0,0,56,31,0,0,0,5,1,0,0,0,0,0,0,1,0,New Zealand,JM How,0,0,0,0,1,5,5
196,NZ,2,2,2,0,89,59,0,1,0,14,2,0,45,0,0,0,0,0,0,New Zealand,AP Devcich,0,7.5,6,0,0,2,2
197,NZ,3,3,0,1,22,20*,0,0,1,3,0,0,0,0,0,0,0,1,0,New Zealand,PJ Ingram,0,0,0,0,1,3,3
198,IND,3,1,3,0,0,0,0,0,1,0,0,0,86,4,2\25,0,0,0,0,India,MM Patel,21.5,8.6,10,15,0,3,3
199,NZ,5,4,0,0,76,22,0,0,0,4,1,0,0,0,0,0,0,1,0,New Zealand,TWM Latham,0,0,0,0,1,5,5
200,NZ,3,3,0,0,12,8,0,0,0,0,0,0,0,0,0,0,0,1,0,New Zealand,HJH Marshall,0,0,0,0,1,3,3
201,IND,22,18,17,5,236,37*,0,0,3,11,17,0,438,13,2\22,0,0,9,0,India,YK Pathan,33.69,8.61,50.5,23.4,9,22,22
202,NZ,6,1,6,1,5,5*,0,0,0,0,0,1,193,7,2\14,0,0,1,0,New Zealand,CS Martin,27.57,8.39,23,19.7,1,6,6
203,NZ,6,2,6,2,3,3*,0,0,0,0,0,0,179,4,2\22,0,0,1,0,New Zealand,AF Milne,44.75,8.95,20,30,1,6,6
204,IND,43,37,13,9,922,101,1,3,1,85,33,0,235,6,2\49,0,0,20,0,India,SK Raina,39.16,8.1,29,29,20,43,43
205,IND,19,18,1,0,394,68,0,2,1,43,16,0,20,0,0,0,0,2,0,India,V Sehwag,0,20,1,0,2,18,19
206,NZ,3,0,3,0,0,0,0,0,0,0,0,0,70,1,1\30,0,0,1,0,New Zealand,LJ Woodcock,70,7,10,60,1,3,3
207,NZ,3,0,3,0,0,0,0,0,0,0,0,0,107,4,3\31,0,0,0,0,New Zealand,MD Bates,26.75,9.72,11,16.5,0,3,3
208,IND,14,3,14,2,8,5*,0,0,1,1,0,0,400,8,2\34,0,0,4,0,India,I Sharma,50,8.63,46.2,34.7,4,14,14
209,NZ,5,2,5,0,7,4,0,0,0,0,0,0,145,6,3\20,0,0,0,0,New Zealand,TA Boult,24.16,8.05,18,18,0,5,5
210,IND,3,0,3,0,0,0,0,0,0,0,0,0,63,2,1\11,0,0,0,0,India,MM Sharma,31.5,9,7,21,0,3,3
211,NZ,1,0,1,0,0,0,0,0,0,0,0,0,19,0,0,0,0,0,0,New Zealand,BJ Diamanti,0,9.5,2,0,0,1,1
212,NZ,3,3,2,1,42,23*,0,0,0,1,1,0,31,1,1\11,0,0,0,0,New Zealand,GD Elliott,31,15.5,2,12,0,3,3
213,IND,2,0,2,0,0,0,0,0,0,0,0,0,56,3,2\29,0,0,0,0,India,R Sharma,18.66,7.63,7.2,14.6,0,2,2
214,NZ,4,4,4,2,9,4,0,0,0,0,0,0,105,2,2\40,0,0,0,0,New Zealand,AM Ellis,52.5,10.5,10,30,0,4,4
215,NZ,1,1,1,0,13,13,0,0,0,1,1,0,43,2,2\43,0,0,0,0,New Zealand,PA Hitchcock,21.5,14.33,3,9,0,1,1
216,IND,42,35,9,11,739,79*,0,7,1,61,27,0,113,1,1\22,0,0,19,0,India,RG Sharma,113,9.97,11.2,68,19,42,42
217,NZ,2,1,2,0,0,0,0,0,1,0,0,0,31,2,2\20,0,0,0,0,New Zealand,AJ McKay,15.5,5.47,5.4,17,0,2,2
218,NZ,3,2,0,0,14,13,0,0,0,2,0,0,0,0,0,0,0,0,0,New Zealand,JAH Marshall,0,0,0,0,0,3,3
219,IND,10,2,9,2,3,2*,0,0,0,0,0,0,225,15,4\13,1,0,2,0,India,RP Singh,15,6.81,33,13.2,2,9,10
220,NZ,3,1,3,0,2,2,0,0,0,0,0,0,65,2,1\18,0,0,0,0,New Zealand,MJ Mason,32.5,7.22,9,27,0,3,3
221,NZ,4,0,4,0,0,0,0,0,0,0,0,0,116,6,2\30,0,0,0,0,New Zealand,IE O'Brien,19.33,8.92,13,13,0,4,4
222,IND,1,1,1,0,10,10,0,0,0,2,0,0,12,1,1\12,0,0,1,0,India,SR Tendulkar,12,4.8,2.3,15,1,1,1
223,NZ,2,2,0,0,0,0,0,0,2,0,0,0,0,0,0,0,0,0,0,New Zealand,MS Sinclair,0,0,0,0,0,2,2
224,NZ,1,1,1,1,1,1*,0,0,0,0,0,1,18,1,1\18,0,0,0,0,New Zealand,EP Thompson,18,6,3,18,0,1,1
225,IND,1,0,1,0,0,0,0,0,0,0,0,0,21,0,0,0,0,1,0,India,S Tyagi,0,10.5,2,0,1,1,1
226,NZ,3,2,3,1,5,5*,0,0,1,1,0,0,93,3,2\16,0,0,0,0,New Zealand,DR Tuffey,31,9.3,10,20,0,3,3
227,NZ,1,1,1,0,18,18,0,0,0,2,0,0,43,0,0,0,0,0,0,New Zealand,JW Wilson,0,10.75,4,0,0,1,1
228,IND,9,1,9,1,2,2*,0,0,0,0,0,0,247,10,3\24,0,0,1,0,India,R Vinay Kumar,24.7,7.84,31.3,18.9,1,9,9
229,PAK,54,49,0,6,897,73,0,5,6,90,27,0,0,0,0,0,0,28,32,Pakistan,Kamran Akmal,0,0,0,0,60,54,54
230,PAK,56,53,0,9,1221,94,0,6,7,94,35,0,0,0,0,0,0,36,2,Pakistan,Umar Akmal,0,0,0,0,38,56,56
231,IND,1,0,1,0,0,0,0,0,0,0,0,0,24,1,1\24,0,0,0,0,India,UT Yadav,24,8,3,18,0,1,1
232,PAK,59,55,24,13,959,57*,0,3,1,77,18,0,355,16,2\7,0,0,26,0,Pakistan,Shoaib Malik,22.18,6.91,51.2,19.2,26,59,59
233,PAK,74,69,73,11,1112,54*,0,4,6,89,46,3,1741,77,4\11,3,0,20,0,Pakistan,Shahid Afridi,22.61,6.48,268.2,20.9,20,74,74
234,IND,40,37,22,6,968,77*,0,8,0,61,63,0,386,23,3\17,0,0,9,0,India,Yuvraj Singh,16.78,7.19,53.4,14,9,39,40
235,PAK,56,25,56,8,164,32,0,0,5,11,10,2,1340,80,5\6,4,2,18,0,Pakistan,Umar Gul,16.75,7.1,188.3,14.1,18,56,56
236,PAK,58,56,54,3,1305,86,0,7,5,135,32,1,1071,45,4\10,1,0,17,0,Pakistan,Mohammad Hafeez,23.8,6.59,162.2,21.6,17,58,58
237,IND,1,1,0,0,43,43,0,0,0,5,0,0,0,0,0,0,0,0,0,India,S Badrinath,0,0,0,0,0,1,1
238,PAK,39,34,0,13,788,87*,0,3,2,45,26,0,0,0,0,0,0,14,0,Pakistan,Misbah-ul-Haq,0,0,0,0,14,39,39
239,PAK,63,23,62,12,91,21*,0,0,3,7,2,2,1491,85,4\19,4,0,12,0,Pakistan,Saeed Ajmal,17.54,6.34,235,16.5,12,63,63
240,IND,5,5,0,0,68,32,0,0,1,10,0,0,0,0,0,0,0,1,0,India,S Dhawan,0,0,0,0,1,5,5
241,PAK,25,23,1,3,442,51,0,2,2,31,12,0,18,3,3\18,0,0,12,0,Pakistan,Younis Khan,6,4.9,3.4,7.3,12,25,25
242,PAK,25,24,0,1,500,72,0,3,2,59,22,0,0,0,0,0,0,11,0,Pakistan,Imran Nazir,0,0,0,0,11,25,25
243,IND,49,44,0,19,822,48*,0,0,1,55,23,0,0,0,0,0,0,25,11,India,MS Dhoni,0,0,0,0,36,48,49
244,PAK,26,26,0,2,666,111*,1,3,2,72,20,0,0,0,0,0,0,8,0,Pakistan,Ahmed Shehzad,0,0,0,0,8,26,26
245,PAK,24,17,6,6,194,28,0,0,1,7,7,0,95,8,3\7,0,0,7,0,Pakistan,Fawad Alam,11.87,6.33,15,11.2,7,24,24
246,IND,1,1,0,0,31,31,0,0,0,0,3,0,0,0,0,0,0,0,0,India,R Dravid,0,0,0,0,0,1,1
247,PAK,40,17,40,4,129,41,0,0,2,10,7,2,973,33,3\12,0,0,7,0,Pakistan,Sohail Tanvir,29.48,7.12,136.3,24.8,7,40,40
248,PAK,8,5,8,3,22,7*,0,0,0,0,0,0,192,11,2\7,0,0,6,0,Pakistan,Abdur Rehman,17.45,7.38,26,14.1,6,8,8
249,IND,37,36,0,2,932,75,0,7,2,109,10,0,0,0,0,0,0,11,0,India,G Gambhir,0,0,0,0,11,36,37
250,PAK,18,18,0,1,363,56,0,2,1,34,12,0,0,0,0,0,0,6,0,Pakistan,Nasir Jamshed,0,0,0,0,6,18,18
251,PAK,2,1,2,1,11,11*,0,0,0,1,0,0,39,0,0,0,0,4,0,Pakistan,Yasir Shah,0,9.75,4,0,4,2,2
252,IND,9,8,0,2,100,31*,0,0,1,14,1,0,0,0,0,0,0,5,2,India,KD Karthik,0,0,0,0,7,8,9
253,PAK,10,10,0,0,192,38,0,0,0,19,2,0,0,0,0,0,0,3,0,Pakistan,Asad Shafiq,0,0,0,0,3,10,10
254,PAK,7,7,0,0,76,19,0,0,1,14,0,0,0,0,0,0,0,3,0,Pakistan,Imran Farhat,0,0,0,0,3,7,7
255,IND,1,1,0,0,38,38,0,0,0,4,1,0,0,0,0,0,0,1,0,India,D Mongia,0,0,0,0,1,1,1
256,PAK,18,6,18,2,39,21*,0,0,1,1,2,3,457,23,3\23,0,0,3,0,Pakistan,Mohammad Amir,19.86,7.03,65,16.9,3,18,18
257,PAK,11,3,11,3,9,5*,0,0,0,2,0,1,343,13,4\18,1,0,3,0,Pakistan,Mohammad Asif,26.38,8,42.5,19.7,3,11,11
258,IND,2,2,0,0,12,10,0,0,0,2,0,0,0,0,0,0,0,0,0,India,NV Ojha,0,0,0,0,0,2,2
259,PAK,24,23,0,2,595,74,0,3,1,66,10,0,0,0,0,0,0,3,0,Pakistan,Salman Butt,0,0,0,0,3,24,24
260,PAK,4,1,0,0,5,5,0,0,0,1,0,0,0,0,0,0,0,1,2,Pakistan,Sarfraz Ahmed,0,0,0,0,3,4,4
261,IND,2,2,0,0,36,26,0,0,0,4,1,0,0,0,0,0,0,1,0,India,PA Patel,0,0,0,0,1,2,2
262,PAK,10,10,0,0,116,35,0,0,3,13,3,0,0,0,0,0,0,3,0,Pakistan,Shahzaib Hasan,0,0,0,0,3,10,10
263,PAK,9,5,0,0,76,47,0,0,1,12,0,0,0,0,0,0,0,3,0,Pakistan,Umar Amin,0,0,0,0,3,9,9
264,IND,10,10,0,0,228,61,0,1,1,21,5,0,0,0,0,0,0,7,0,India,AM Rahane,0,0,0,0,7,10,10
265,PAK,32,29,22,10,393,46*,0,0,2,21,21,2,395,20,3\13,0,0,2,0,Pakistan,Abdul Razzaq,19.75,6.99,56.3,16.9,2,32,32
266,PAK,5,4,0,1,34,21,0,0,0,3,1,0,0,0,0,0,0,2,0,Pakistan,Hammad Azam,0,0,0,0,2,5,5
267,IND,3,1,0,0,15,15,0,0,0,0,0,0,0,0,0,0,0,2,0,India,MK Tiwary,0,0,0,0,2,3,3
268,PAK,1,1,0,0,5,5,0,0,0,0,0,0,0,0,0,0,0,1,1,Pakistan,Mohammad Salman,0,0,0,0,2,1,1
269,IND,11,10,0,1,168,50,0,1,1,15,6,0,0,0,0,0,0,1,0,India,RV Uthappa,0,0,0,0,1,10,11
270,PAK,5,2,5,2,9,5*,0,0,0,0,0,0,146,10,3\16,0,0,2,0,Pakistan,Mohammad Sami,14.6,9.12,16,9.6,2,5,5
271,PAK,4,2,4,1,18,17*,0,0,0,0,2,0,101,5,3\19,0,0,2,0,Pakistan,Naved-ul-Hasan,20.2,7.12,14.1,17,2,4,4
272,IND,7,7,0,0,122,48,0,0,1,8,6,0,0,0,0,0,0,3,0,India,M Vijay,0,0,0,0,3,7,7
273,PAK,7,2,7,2,5,5*,0,0,0,1,0,1,154,6,2\14,0,0,2,0,Pakistan,Raza Hasan,25.66,5.92,26,26,2,7,7
274,PAK,15,6,15,3,21,8*,0,0,1,2,1,3,432,19,3\38,0,0,2,0,Pakistan,Shoaib Akhtar,22.73,8.15,53,16.7,2,15,15
275,PAK,13,11,0,2,145,37,0,0,0,10,6,0,0,0,0,0,0,2,0,Pakistan,Sohaib Maqsood,0,0,0,0,2,13,13
276,PAK,2,1,2,1,2,2*,0,0,0,0,0,0,61,0,0,0,0,1,0,Pakistan,Usman Khan,0,12.2,5,0,1,2,2
277,PAK,7,3,7,1,10,10,0,0,1,1,0,0,187,5,2\36,0,0,1,0,Pakistan,Bilawal Bhatti,37.4,9.35,20,24,1,7,7
278,PAK,1,1,0,0,1,1,0,0,0,0,0,0,0,0,0,0,0,1,0,Pakistan,Haris Sohail,0,0,0,0,1,1,1
279,PAK,7,7,0,0,34,13,0,0,1,3,1,0,0,0,0,0,0,1,0,Pakistan,Khalid Latif,0,0,0,0,1,7,7
280,PAK,3,3,0,0,50,26,0,0,0,5,1,0,0,0,0,0,0,1,0,Pakistan,Mohammad Yousuf,0,0,0,0,1,3,3
281,PAK,3,3,0,0,102,50,0,1,0,10,4,0,0,0,0,0,0,1,0,Pakistan,Sharjeel Khan,0,0,0,0,1,3,3
282,PAK,4,4,0,0,65,50,0,1,1,7,0,0,0,0,0,0,0,1,0,Pakistan,Shoaib Khan jnr,0,0,0,0,1,4,4
283,PAK,6,4,6,2,54,30*,0,0,0,3,3,1,89,4,2\24,0,0,1,0,Pakistan,Wahab Riaz,22.25,6.35,14,21,1,6,6
284,PAK,13,11,13,4,92,17,0,0,0,8,2,0,316,16,3\18,0,0,1,0,Pakistan,Yasir Arafat,19.75,8.03,39.2,14.7,1,13,13
285,PAK,7,3,7,3,27,13*,0,0,0,2,1,1,185,12,3\23,0,0,1,0,Pakistan,Zulfiqar Babar,15.41,7.11,26,13,1,7,7
286,PAK,3,3,0,0,23,17,0,0,0,1,0,0,0,0,0,0,0,0,1,Pakistan,Zulqarnain Haider,0,0,0,0,1,3,3
287,PAK,5,1,5,1,0,0*,0,0,0,0,0,0,116,8,4\30,1,0,0,0,Pakistan,Aizaz Cheema,14.5,6.82,17,12.7,0,5,5
288,PAK,4,1,4,1,10,10*,0,0,0,1,0,0,86,2,1\21,0,0,0,0,Pakistan,Anwar Ali,43,9.55,9,27,0,4,4
289,PAK,3,3,0,0,47,23,0,0,0,2,3,0,0,0,0,0,0,0,0,Pakistan,Awais Zia,0,0,0,0,0,3,3
290,PAK,1,1,0,1,11,11*,0,0,0,0,1,0,0,0,0,0,0,0,0,Pakistan,Inzamam-ul-Haq,0,0,0,0,0,1,1
291,PAK,9,2,9,2,3,3*,0,0,0,0,0,0,236,8,3\24,0,0,0,0,Pakistan,Junaid Khan,29.5,8.74,27,20.2,0,9,9
292,PAK,7,1,7,1,2,2*,0,0,0,0,0,0,148,3,1\25,0,0,0,0,Pakistan,Mohammad Irfan,49.33,7.16,20.4,41.3,0,7,7
293,PAK,2,2,0,0,24,23,0,0,0,2,0,0,0,0,0,0,0,0,0,Pakistan,Rameez Raja,0,0,0,0,0,2,2
294,SA,57,54,0,9,1007,79*,0,5,4,82,30,0,0,0,0,0,0,52,6,South Africa,AB de Villiers,0,0,0,0,58,57,57
295,SA,17,17,0,4,363,48*,0,0,1,44,9,0,0,0,0,0,0,17,6,South Africa,Q de Kock,0,0,0,0,23,17,17
296,SA,55,50,25,14,1342,96*,0,7,6,105,42,0,349,14,3\18,0,0,22,0,South Africa,JP Duminy,24.92,7.72,45.1,19.3,22,55,55
297,SA,25,21,0,6,268,36*,0,0,0,22,2,0,0,0,0,0,0,18,1,South Africa,MV Boucher,0,0,0,0,19,25,25
298,SA,33,33,3,2,982,89*,0,5,1,123,26,0,57,0,0,0,0,18,0,South Africa,GC Smith,0,14.25,4,0,18,33,33
299,SA,40,20,39,9,201,34,0,0,1,15,9,1,823,37,3\16,0,0,17,0,South Africa,J Botha,22.24,6.37,129,20.9,17,40,40
300,SA,49,38,45,11,572,43,0,0,1,29,39,2,852,23,2\12,0,0,17,0,South Africa,JA Morkel,37.04,8.2,103.5,27,17,49,49
301,SA,26,22,0,6,415,36*,0,0,0,29,14,0,0,0,0,0,0,15,0,South Africa,DA Miller,0,0,0,0,15,26,26
302,SA,38,9,38,4,15,5,0,0,1,1,0,2,879,55,4\9,2,0,11,0,South Africa,DW Steyn,15.98,6.45,136.1,14.8,11,38,38
303,SA,20,20,2,4,553,85,0,5,0,51,16,0,3,0,0,0,0,10,0,South Africa,F du Plessis,0,2.25,1.2,0,10,20,20
304,SA,26,26,0,2,600,56,0,1,1,70,9,0,0,0,0,0,0,9,0,South Africa,HM Amla,0,0,0,0,9,26,26
305,SA,20,11,18,3,120,34,0,0,1,13,2,1,423,21,3\30,0,0,9,0,South Africa,RJ Peterson,20.14,7.57,55.5,15.9,9,20,20
306,SA,23,23,0,1,400,90*,0,3,4,45,12,0,0,0,0,0,0,8,0,South Africa,HH Gibbs,0,0,0,0,8,23,23
307,SA,25,23,19,4,666,73,0,5,0,56,20,1,333,12,4\15,1,0,7,0,South Africa,JH Kallis,27.75,7.23,46,23,7,25,25
308,SA,12,9,3,0,139,48,0,0,1,4,10,0,66,1,1\25,0,0,6,0,South Africa,JL Ontong,66,13.2,5,30,6,12,12
309,SA,13,6,13,3,57,48,0,0,1,2,4,0,305,14,2\14,0,0,6,0,South Africa,RE van der Merwe,21.78,6.93,44,18.8,6,13,13
310,SA,5,4,0,2,10,5*,0,0,0,0,0,0,0,0,0,0,0,4,0,South Africa,HG Kuhn,0,0,0,0,4,5,5
311,SA,13,13,0,2,236,117*,1,1,3,20,15,0,0,0,0,0,0,4,0,South Africa,RE Levi,0,0,0,0,4,13,13
312,SA,38,5,38,3,16,8*,0,0,0,2,1,3,985,45,4\17,2,0,4,0,South Africa,M Morkel,21.88,7.31,134.4,17.9,4,38,38
313,SA,13,8,0,3,114,31*,0,0,1,10,2,0,0,0,0,0,0,3,0,South Africa,F Behardien,0,0,0,0,3,13,13
314,SA,12,2,12,2,17,9*,0,0,0,1,1,0,261,21,4\21,1,0,3,0,South Africa,Imran Tahir,12.42,5.8,45,12.8,3,12,12
315,SA,8,7,1,3,203,89*,0,1,0,17,10,0,5,0,0,0,0,3,0,South Africa,JM Kemp,0,5,1,0,3,8,8
316,SA,10,3,10,3,8,6*,0,0,0,0,0,0,289,16,5\19,0,1,3,0,South Africa,R McLaren,18.06,7.25,39.5,14.9,3,10,10
317,SA,28,8,27,5,102,29*,0,0,0,9,3,2,690,29,4\13,1,0,3,0,South Africa,WD Parnell,23.79,7.99,86.2,17.8,3,28,28
318,SA,9,9,0,1,210,78,0,1,1,23,7,0,0,0,0,0,0,2,0,South Africa,CA Ingram,0,0,0,0,2,9,9
319,SA,2,1,2,0,0,0,0,0,1,0,0,0,54,4,2\19,0,0,2,0,South Africa,CH Morris,13.5,7.04,7.4,11.5,2,2,2
320,SA,10,4,10,2,10,5,0,0,1,2,0,0,298,6,2\22,0,0,2,0,South Africa,M Ntini,49.66,9.31,32,32,2,10,10
321,SA,12,9,11,2,86,36*,0,0,3,4,4,1,309,15,3\28,0,0,2,0,South Africa,SM Pollock,20.6,7.62,40.3,16.2,2,12,12
322,SA,9,3,9,3,32,31*,0,0,0,3,1,0,261,12,4\27,1,0,2,0,South Africa,J Theron,21.75,8.07,32.2,16.1,2,9,9
323,SA,3,2,0,0,68,67,0,1,0,5,5,0,0,0,0,0,0,2,0,South Africa,MN van Wyk,0,0,0,0,2,3,3
324,SA,4,2,4,2,10,7*,0,0,0,0,0,0,81,3,2\24,0,0,2,0,South Africa,D Wiese,27,6.75,12,24,2,4,4
325,SA,2,1,2,0,2,2,0,0,0,0,0,0,46,2,1\5,0,0,1,0,South Africa,KJ Abbott,23,9.2,5,15,1,2,2
326,SA,14,14,0,1,323,94,0,3,2,27,20,0,0,0,0,0,0,1,0,South Africa,LE Bosman,0,0,0,0,1,14,14
327,SA,6,3,6,2,25,22,0,0,0,1,3,1,173,9,3\18,0,0,1,0,South Africa,RK Kleinveldt,19.22,8.5,20.2,13.5,1,6,6
328,SA,9,3,9,2,4,2*,0,0,0,0,0,0,241,17,4\19,1,0,1,0,South Africa,CK Langeveldt,14.17,7.3,33,11.6,1,9,9
329,SA,2,1,2,1,0,0*,0,0,0,0,0,0,42,2,2\19,0,0,1,0,South Africa,A Nel,21,5.25,8,24,1,2,2
330,SA,2,2,0,0,14,8,0,0,0,1,0,0,0,0,0,0,0,1,0,South Africa,AN Petersen,0,0,0,0,1,2,2
331,SA,7,4,6,0,14,6,0,0,0,0,0,0,114,4,2\23,0,0,1,0,South Africa,VD Philander,28.5,8.24,13.5,20.7,1,7,7
332,SA,23,3,23,2,2,1*,0,0,0,0,0,2,541,18,3\16,0,0,1,0,South Africa,LL Tsotsobe,30.05,6.93,78,26,1,23,23
333,SA,2,0,2,0,0,0,0,0,0,0,0,0,44,2,1\16,0,0,0,0,South Africa,YA Abdulla,22,6.28,7,21,0,2,2
334,SA,1,1,0,0,8,8,0,0,0,0,0,0,0,0,0,0,0,0,0,South Africa,GH Bodi,0,0,0,0,0,1,1
335,SA,1,0,1,0,0,0,0,0,0,0,0,0,27,1,1\27,0,0,0,0,South Africa,N Boje,27,6.75,4,24,0,1,1
336,SA,9,9,2,0,161,68,0,2,2,18,4,0,13,1,1\6,0,0,0,0,South Africa,H Davids,13,6.5,2,12,0,9,9
337,SA,2,0,2,0,0,0,0,0,0,0,0,0,79,3,2\36,0,0,0,0,South Africa,M de Lange,26.33,9.87,8,16,0,2,2
338,SA,1,1,0,0,1,1,0,0,0,0,0,0,0,0,0,0,0,0,0,South Africa,HH Dippenaar,0,0,0,0,0,1,1
339,SA,2,1,2,0,11,11,0,0,0,1,0,0,60,3,3\22,0,0,0,0,South Africa,AJ Hall,20,7.5,8,16,0,2,2
340,SA,1,1,1,0,0,0,0,0,1,0,0,0,31,0,0,0,0,0,0,South Africa,T Henderson,0,7.75,4,0,0,1,1
341,SA,5,2,5,1,15,12*,0,0,0,0,1,0,149,5,2\31,0,0,0,0,South Africa,BE Hendricks,29.8,8.94,16.4,20,0,5,5
342,SA,1,1,1,0,3,3,0,0,0,0,0,0,29,0,0,0,0,0,0,South Africa,GJP Kruger,0,7.25,4,0,0,1,1
343,SA,2,1,2,1,1,1*,0,0,0,0,0,0,54,2,2\36,0,0,0,0,South Africa,J Louw,27,7.71,7,21,0,2,2
344,SA,2,1,0,1,7,7*,0,0,0,0,0,0,0,0,0,0,0,0,0,South Africa,ND McKenzie,0,0,0,0,0,2,2
345,SA,3,0,3,0,0,0,0,0,0,0,0,0,100,4,3\25,0,0,0,0,South Africa,AM Phangiso,25,9.09,11,16.5,0,3,3
346,SA,1,1,0,0,5,5,0,0,0,0,0,0,0,0,0,0,0,0,0,South Africa,AG Prince,0,0,0,0,0,1,1
347,SA,1,1,0,1,6,6*,0,0,0,0,0,0,0,0,0,0,0,0,0,South Africa,JA Rudolph,0,0,0,0,0,1,1
348,SA,3,1,3,1,5,5*,0,0,0,0,0,0,90,2,1\22,0,0,0,0,South Africa,R Telemachus,45,7.5,12,36,0,3,3
349,SA,1,0,1,0,0,0,0,0,0,0,0,0,25,3,3\25,0,0,0,0,South Africa,AC Thomas,8.33,6.25,4,8,0,1,1
350,SA,8,4,8,1,46,21,0,0,0,3,1,0,231,8,2\31,0,0,0,0,South Africa,JJ van der Wath,28.87,7.45,31,23.2,0,8,8
351,SA,3,3,0,0,15,12,0,0,1,0,0,0,0,0,0,0,0,0,0,South Africa,VB van Jaarsveld,0,0,0,0,0,3,3
352,SA,1,0,0,0,0,0,0,0,0,0,0,0,0,0,0,0,0,0,0,South Africa,DJ Vilas,0,0,0,0,0,1,1
353,SA,1,1,1,0,0,0,0,0,1,0,0,0,41,1,1\41,0,0,0,0,South Africa,M Zondeki,41,13.66,3,18,0,1,1
354,SL,56,53,0,9,1382,78,0,8,2,139,20,0,0,0,0,0,0,25,20,Sri Lanka,KC Sangakkara,0,0,0,0,45,56,56
355,SL,61,60,20,10,1452,104*,1,9,8,168,27,0,274,6,2\4,0,0,29,2,Sri Lanka,TM Dilshan,45.66,7.61,36,36,31,61,61
356,SL,55,55,1,8,1493,100,1,9,4,173,33,0,8,0,0,0,0,17,0,Sri Lanka,DPMD Jayawardene,0,8,1,0,17,55,55
357,SL,53,39,43,13,661,58,0,2,0,44,17,4,823,30,3\16,0,0,16,0,Sri Lanka,AD Mathews,27.43,6.77,121.3,24.3,16,53,53
358,SL,56,17,56,7,69,27,0,0,4,3,3,0,1407,65,5\31,0,1,14,0,Sri Lanka,SL Malinga,21.64,7.25,193.5,17.8,14,56,56
359,SL,37,30,27,17,417,35*,0,0,3,29,21,0,580,22,2\19,0,0,13,0,Sri Lanka,NLTC Perera,26.36,8.44,68.4,18.7,13,37,37
360,SL,26,20,0,0,266,56,0,1,0,23,3,0,0,0,0,0,0,12,0,Sri Lanka,LD Chandimal,0,0,0,0,12,26,26
361,SL,40,19,40,5,139,31,0,0,3,7,6,5,1001,45,4\32,1,0,12,0,Sri Lanka,KMDN Kulasekara,22.24,7.19,139.1,18.5,12,40,40
362,SL,16,15,2,4,238,46*,0,0,2,21,8,0,17,1,1\9,0,0,9,0,Sri Lanka,J Mubarak,17,12.75,1.2,8,9,16,16
363,SL,21,18,0,3,295,47,0,0,0,25,11,0,0,0,0,0,0,7,0,Sri Lanka,CK Kapugedera,0,0,0,0,7,21,21
364,SL,39,8,39,5,8,4*,0,0,0,1,0,5,952,66,6\8,3,2,6,0,Sri Lanka,BAW Mendis,14.42,6.45,147.3,13.4,6,39,39
365,SL,21,15,0,2,237,44,0,0,0,22,4,0,0,0,0,0,0,6,0,Sri Lanka,HDRL Thirimanne,0,0,0,0,6,21,21
366,SL,16,15,2,2,175,38,0,0,0,19,3,0,15,1,1\4,0,0,5,0,Sri Lanka,LPC Silva,15,5,3,18,5,16,16
367,SL,31,30,24,3,629,88,0,4,4,76,23,0,456,19,3\21,0,0,4,0,Sri Lanka,ST Jayasuriya,24,7.37,61.5,19.5,4,31,31
368,SL,5,4,0,0,13,10,0,0,1,0,0,0,0,0,0,0,0,4,0,Sri Lanka,SHT Kandamby,0,0,0,0,4,5,5
369,SL,16,12,8,3,197,43*,0,0,1,18,5,0,116,6,3\24,0,0,4,0,Sri Lanka,BMAJ Mendis,19.33,6.44,18,18,4,16,16
370,SL,17,17,0,0,511,84,0,5,0,48,21,0,0,0,0,0,0,4,0,Sri Lanka,MDKJ Perera,0,0,0,0,4,17,17
371,SL,5,5,5,2,49,20*,0,0,0,4,1,0,126,4,4\19,1,0,4,0,Sri Lanka,K Weeraratne,31.5,8.4,15,22.5,4,5,5
372,SL,17,6,17,2,24,21,0,0,2,4,0,3,457,18,3\19,0,0,3,0,Sri Lanka,CRD Fernando,25.38,7.49,61,20.3,3,17,17
373,SL,2,2,0,0,19,11,0,0,0,0,0,0,0,0,0,0,0,2,0,Sri Lanka,HGJM Kulatunga,0,0,0,0,2,2,2
374,SL,7,4,7,1,23,13*,0,0,1,0,1,0,173,7,2\18,0,0,2,0,Sri Lanka,MF Maharoof,24.71,7.2,24,20.5,2,7,7
375,SL,16,7,15,4,32,17,0,0,1,2,1,0,274,18,3\14,0,0,2,0,Sri Lanka,SMSM Senanayake,15.22,5.26,52,17.3,2,16,16
376,SL,6,2,6,0,4,3,0,0,0,0,0,0,179,7,2\37,0,0,2,0,Sri Lanka,T Thushara,25.57,8.13,22,18.8,2,6,6
377,SL,4,3,4,1,12,7,0,0,0,0,0,0,96,4,3\32,0,0,1,0,Sri Lanka,HMCM Bandara,24,6.85,14,21,1,4,4
378,SL,5,1,5,1,0,0*,0,0,0,0,0,0,95,7,2\9,0,0,1,0,Sri Lanka,A Dananjaya,13.57,6.78,14,12,1,5,5
379,SL,1,0,0,0,0,0,0,0,0,0,0,0,0,0,0,0,0,1,0,Sri Lanka,SI de Saram,0,0,0,0,1,1,1
380,SL,3,1,3,0,6,6,0,0,0,1,0,0,90,3,2\30,0,0,1,0,Sri Lanka,RMS Eranga,30,8.18,11,22,1,3,3
381,SL,2,2,2,0,11,11,0,0,1,1,0,0,48,2,2\31,0,0,1,0,Sri Lanka,KS Lokuarachchi,24,8,6,18,1,2,2
382,SL,4,4,0,1,39,17,0,0,0,5,0,0,0,0,0,0,0,1,0,Sri Lanka,EMDY Munaweera,0,0,0,0,1,4,4
383,SL,12,2,12,0,1,1,0,0,1,0,0,0,297,13,3\29,0,0,1,0,Sri Lanka,M Muralitharan,22.84,6.31,47,21.6,1,12,12
384,SL,2,1,1,0,4,4,0,0,0,0,0,0,17,0,0,0,0,1,0,Sri Lanka,AK Perera,0,17,1,0,1,2,2
385,SL,3,3,3,1,31,21,0,0,0,2,2,0,66,3,2\45,0,0,1,0,Sri Lanka,S Prasanna,22,11,6,12,1,3,3
386,SL,1,0,1,0,0,0,0,0,0,0,0,0,27,1,1\27,0,0,1,0,Sri Lanka,M Pushpakumara,27,9,3,18,1,1,1
387,SL,2,2,0,0,33,18,0,0,0,2,0,0,0,0,0,0,0,1,0,Sri Lanka,RJMGM Rupasinghe,0,0,0,0,1,2,2
388,SL,10,10,0,0,131,37,0,0,2,12,3,0,0,0,0,0,0,1,0,Sri Lanka,WU Tharanga,0,0,0,0,1,10,10
389,SL,6,2,6,1,2,1*,0,0,0,0,0,1,182,5,2\17,0,0,1,0,Sri Lanka,I Udana,36.4,8.27,22,26.4,1,6,6
390,SL,1,1,0,0,7,7,0,0,0,0,0,0,0,0,0,0,0,0,0,Sri Lanka,RP Arnold,0,0,0,0,0,1,1
391,SL,2,1,0,0,5,5,0,0,0,0,0,0,0,0,0,0,0,0,0,Sri Lanka,MS Atapattu,0,0,0,0,0,2,2
392,SL,2,1,2,1,18,18*,0,0,0,0,1,0,30,2,2\6,0,0,0,0,Sri Lanka,LHD Dilhara,15,6,5,15,0,2,2
393,SL,9,3,9,3,2,1*,0,0,0,0,0,2,174,12,5\3,0,1,0,0,Sri Lanka,HMRKB Herath,14.5,5.89,29.3,14.7,0,9,9
394,SL,5,3,0,2,49,38,0,0,0,3,1,0,0,0,0,0,0,0,0,Sri Lanka,CU Jayasinghe,0,0,0,0,0,5,5
395,SL,7,2,7,0,8,6,0,0,0,1,0,0,139,7,3\20,0,0,0,0,Sri Lanka,S Randiv,19.85,6.61,21,18,0,7,7
396,SL,3,0,3,0,0,0,0,0,0,0,0,0,78,4,2\26,0,0,0,0,Sri Lanka,RAS Lakmal,19.5,7.09,11,16.5,0,3,3
397,SL,3,2,3,0,1,1,0,0,1,0,0,0,72,3,3\26,0,0,0,0,Sri Lanka,MDK Perera,24,7.2,10,20,0,3,3
398,SL,2,2,2,2,0,0*,0,0,0,0,0,0,77,0,0,0,0,0,0,Sri Lanka,PDRL Perera,0,11,7,0,0,2,2
399,SL,1,0,1,0,0,0,0,0,0,0,0,0,37,0,0,0,0,0,0,Sri Lanka,KTGD Prasad,0,12.33,3,0,0,1,1
400,SL,5,5,0,0,77,25,0,0,1,8,2,0,0,0,0,0,0,0,0,Sri Lanka,ML Udawatte,0,0,0,0,0,5,5
401,SL,6,2,6,1,33,21,0,0,0,1,0,1,128,6,2\14,0,0,0,0,Sri Lanka,WPUJC Vaas,21.33,5.81,22,22,0,6,6
402,SL,3,2,3,1,1,1*,0,0,1,0,0,0,101,2,1\12,0,0,0,0,Sri Lanka,G Wijekoon,50.5,9.18,11,33,0,3,3
403,SL,2,1,2,1,2,2*,0,0,0,0,0,0,61,1,1\21,0,0,0,0,Sri Lanka,UWMBCA Welegedara,61,10.16,6,36,0,2,2
404,WI,46,29,0,8,339,55*,0,1,2,36,6,0,0,0,0,0,0,29,17,West Indies,D Ramdin,0,0,0,0,46,46,46
405,WI,49,45,40,11,906,66*,0,3,4,54,40,0,973,33,4\38,1,0,27,0,West Indies,DJ Bravo,29.48,8.38,116,21,27,49,49
406,WI,52,40,49,13,463,42*,0,0,2,37,24,0,916,40,5\26,1,1,24,0,West Indies,DJG Sammy,22.9,7.01,130.4,19.6,24,52,52
407,WI,37,32,26,7,569,63*,0,2,1,44,33,0,475,17,3\30,0,0,19,0,West Indies,KA Pollard,27.94,8.33,57,20.1,19,37,37
408,WI,19,19,0,2,231,53,0,1,5,18,7,0,0,0,0,0,0,14,1,West Indies,ADS Fletcher,0,0,0,0,15,19,19
409,WI,30,30,3,3,675,77,0,4,4,64,22,0,55,6,4\19,1,0,15,0,West Indies,LMP Simmons,9.16,9.16,6,6,15,30,30
410,WI,42,41,22,3,1239,117,1,11,2,108,72,0,360,15,2\15,0,0,11,0,West Indies,CH Gayle,24,7.17,50.1,20,11,42,42
411,WI,21,20,0,0,429,84,0,2,2,59,9,0,0,0,0,0,0,7,2,West Indies,J Charles,0,0,0,0,9,21,21
412,WI,35,33,25,5,834,85*,0,7,0,62,43,0,539,19,3\23,0,0,8,0,West Indies,MN Samuels,28.36,7.77,69.2,21.8,8,35,35
413,WI,17,7,17,4,37,13*,0,0,1,5,1,3,414,15,4\6,1,0,7,0,West Indies,SJ Benn,27.6,7.01,59,23.6,7,17,17
414,WI,22,22,0,5,343,41,0,0,0,34,5,0,0,0,0,0,0,7,0,West Indies,S Chanderpaul,0,0,0,0,7,22,22
415,WI,18,16,1,3,298,59,0,2,1,19,6,0,10,2,2\10,0,0,7,0,West Indies,RR Sarwan,5,5,2,6,7,18,18
416,WI,27,20,23,7,147,24*,0,0,6,11,5,0,394,9,2\10,0,0,6,0,West Indies,AD Russell,43.77,9.34,42.1,28.1,6,27,27
417,WI,20,4,20,2,10,7*,0,0,1,1,0,0,497,16,3\23,0,0,5,0,West Indies,FH Edwards,31.06,8.28,60,22.5,5,20,20
418,WI,27,27,11,0,523,72,0,3,1,52,31,0,212,7,3\24,0,0,5,0,West Indies,DR Smith,30.28,8.95,23.4,20.2,5,27,27
419,WI,17,9,17,5,47,16*,0,0,1,3,2,2,473,23,3\6,0,0,5,0,West Indies,JE Taylor,20.56,7.88,60,15.6,5,17,17
420,WI,20,5,20,3,24,14*,0,0,0,1,0,1,431,30,4\15,1,0,4,0,West Indies,S Badree,14.36,5.45,79,15.8,4,20,20
421,WI,5,5,0,1,64,28,0,0,0,4,4,0,0,0,0,0,0,4,0,West Indies,DP Hyatt,0,0,0,0,4,5,5
422,WI,6,6,0,0,96,36,0,0,1,8,4,0,0,0,0,0,0,3,0,West Indies,XM Marshall,0,0,0,0,3,6,6
423,WI,6,6,4,2,78,34*,0,0,1,4,4,0,51,1,1\24,0,0,2,0,West Indies,CD Barnwell,51,8.5,6,36,2,6,6
424,WI,8,7,4,2,55,36*,0,0,3,5,0,0,87,0,0,0,0,2,0,West Indies,N Deonarine,0,9.66,9,0,2,8,8
425,WI,1,0,1,0,0,0,0,0,0,0,0,0,20,1,1\20,0,0,2,0,West Indies,A Martin,20,6.66,3,18,2,1,1
426,WI,9,5,9,4,43,15*,0,0,0,2,0,0,224,11,2\20,0,0,2,0,West Indies,NO Miller,20.36,7.07,31.4,17.2,2,9,9
427,WI,7,7,0,1,96,40,0,0,1,8,2,0,0,0,0,0,0,2,0,West Indies,RS Morton,0,0,0,0,2,7,7
428,WI,5,1,5,1,1,1*,0,0,0,0,0,0,131,2,1\6,0,0,2,0,West Indies,DBL Powell,65.5,7.7,17,51,2,5,5
429,WI,22,6,22,5,12,8,0,0,0,0,0,1,685,26,3\16,0,0,2,0,West Indies,R Rampaul,26.34,8.68,78.5,18.1,2,22,22
430,WI,2,2,0,0,23,15,0,0,0,3,0,0,0,0,0,0,0,1,0,West Indies,AB Barath,0,0,0,0,1,2,2
431,WI,1,1,1,1,0,0*,0,0,0,0,0,0,22,0,0,0,0,1,0,West Indies,IDR Bradshaw,0,5.5,4,0,1,1,1
432,WI,1,0,1,0,0,0,0,0,0,0,0,0,22,0,0,0,0,1,0,West Indies,DK Butler,0,7.33,3,0,1,1,1
433,WI,2,2,0,0,32,19,0,0,0,4,0,0,0,0,0,0,0,1,0,West Indies,SE Findlay,0,0,0,0,1,2,2
434,WI,2,0,2,0,0,0,0,0,0,0,0,0,56,3,3\44,0,0,1,0,West Indies,ST Gabriel,18.66,8,7,14,1,2,2
435,WI,5,5,0,1,30,14,0,0,1,3,0,0,0,0,0,0,0,1,0,West Indies,WW Hinds,0,0,0,0,1,5,5
436,WI,1,1,1,0,0,0,0,0,1,0,0,0,9,0,0,0,0,1,0,West Indies,RN Lewis,0,9,1,0,1,1,1
437,WI,3,2,3,2,4,3*,0,0,0,0,0,0,65,4,3\9,0,0,1,0,West Indies,GE Mathurin,16.25,6.5,10,15,1,3,3
438,WI,2,1,2,1,6,6*,0,0,0,1,0,0,56,0,0,0,0,1,0,West Indies,AR Nurse,0,7,8,0,1,2,2
439,WI,1,1,0,0,9,9,0,0,0,1,0,0,0,0,0,0,0,1,0,West Indies,WKD Perkins,0,0,0,0,1,1,1
440,WI,1,1,0,0,12,12,0,0,0,1,0,0,0,0,0,0,0,1,0,West Indies,KOA Powell,0,0,0,0,1,1,1
441,WI,1,1,0,0,22,22,0,0,0,2,1,0,0,0,0,0,0,1,0,West Indies,FL Reifer,0,0,0,0,1,1,1
442,WI,11,1,11,1,3,3*,0,0,0,0,0,1,284,10,2\25,0,0,1,0,West Indies,KAJ Roach,28.4,7.28,39,23.4,1,11,11
443,WI,10,1,10,1,0,0*,0,0,0,0,0,0,233,17,4\21,1,0,1,0,West Indies,K Santokie,13.7,6.32,36.5,13,1,10,10
444,WI,6,6,0,0,203,61,0,2,0,22,5,0,0,0,0,0,0,1,0,West Indies,DS Smith,0,0,0,0,1,6,6
445,WI,3,0,0,0,0,0,0,0,0,0,0,0,0,0,0,0,0,0,1,West Indies,DC Thomas,0,0,0,0,1,3,3
446,WI,1,0,1,0,0,0,0,0,0,0,0,0,25,1,1\25,0,0,1,0,West Indies,GC Tonge,25,6.25,4,24,1,1,1
447,WI,2,2,0,0,9,9,0,0,1,0,1,0,0,0,0,0,0,1,0,West Indies,CAK Walton,0,0,0,0,1,2,2
448,WI,3,0,3,0,0,0,0,0,0,0,0,0,58,2,1\12,0,0,0,0,West Indies,LS Baker,29,7.25,8,24,0,3,3
449,WI,1,1,0,0,3,3,0,0,0,0,0,0,0,0,0,0,0,0,0,West Indies,MC Bascombe,0,0,0,0,0,1,1
450,WI,3,3,0,0,10,7,0,0,0,1,0,0,0,0,0,0,0,0,0,West Indies,CS Baugh,0,0,0,0,0,3,3
451,WI,1,1,1,1,1,1*,0,0,0,0,0,0,17,0,0,0,0,0,0,West Indies,DE Bernard,0,4.25,4,0,0,1,1
452,WI,6,1,6,1,17,17*,0,0,0,0,2,0,154,6,3\18,0,0,0,0,West Indies,TL Best,25.66,7.7,20,20,0,6,6
453,WI,4,1,4,0,0,0,0,0,1,0,0,0,98,6,4\17,1,0,0,0,West Indies,D Bishoo,16.33,6.25,15.4,15.6,0,4,4
454,WI,2,2,1,0,27,24,0,0,0,2,0,0,18,0,0,0,0,0,0,West Indies,NE Bonner,0,9,2,0,0,2,2
455,WI,1,1,1,0,1,1,0,0,0,0,0,0,25,1,1\25,0,0,0,0,West Indies,CR Brathwaite,25,8.33,3,18,0,1,1
456,WI,10,9,0,0,191,42,0,0,2,19,6,0,0,0,0,0,0,0,0,West Indies,DM Bravo,0,0,0,0,0,10,10
457,WI,2,1,0,0,0,0,0,0,1,0,0,0,0,0,0,0,0,0,0,West Indies,DO Christian,0,0,0,0,0,2,2
458,WI,1,0,1,0,0,0,0,0,0,0,0,0,37,2,2\37,0,0,0,0,West Indies,SS Cottrell,18.5,9.25,4,12,0,1,1
459,WI,2,2,0,1,68,37*,0,0,0,8,0,0,0,0,0,0,0,0,0,West Indies,TM Dowlin,0,0,0,0,0,2,2
460,WI,1,1,0,0,26,26,0,0,0,3,1,0,0,0,0,0,0,0,0,West Indies,D Ganga,0,0,0,0,0,1,1
461,WI,1,0,1,0,0,0,0,0,0,0,0,0,34,2,2\34,0,0,0,0,West Indies,JO Holder,17,11.33,3,9,0,1,1
462,WI,29,11,29,6,63,28,0,0,2,5,2,1,628,36,4\12,1,0,0,0,West Indies,SP Narine,17.44,5.72,109.4,18.2,0,29,29
463,WI,1,1,0,0,10,10,0,0,0,1,1,0,0,0,0,0,0,0,0,West Indies,BA Parchment,0,0,0,0,0,1,1
464,WI,1,1,0,0,10,10,0,0,0,1,0,0,0,0,0,0,0,0,0,West Indies,ACL Richards,0,0,0,0,0,1,1
465,WI,1,1,0,0,0,0,0,0,1,0,0,0,0,0,0,0,0,0,0,West Indies,DM Richards,0,0,0,0,0,1,1
466,PAK,1,0,1,0,0,0,0,0,0,0,0,0,21,0,0,0,0,0,0,Pakistan,Abdur Rauf,0,7,3,0,0,0,0
467,PAK,2,0,2,0,0,0,0,0,0,0,0,0,33,0,0,0,0,0,0,Pakistan,Asad Ali,0,8.25,4,0,0,0,0
468,PAK,2,0,2,0,0,0,0,0,0,0,0,0,67,1,1\34,0,0,0,0,Pakistan,Iftikhar Anjum,67,8.37,8,48,0,0,0
469,PAK,1,0,1,0,0,0,0,0,0,0,0,0,3,3,3\3,0,0,0,0,Pakistan,Mansoor Amjad,1,3,1,2,0,0,0
470,PAK,1,0,1,0,0,0,0,0,0,0,0,0,19,0,0,0,0,0,0,Pakistan,Shabbir Ahmed,0,9.5,2,0,0,0,0
471,PAK,3,0,3,0,0,0,0,0,0,0,0,0,51,2,2\13,0,0,0,0,Pakistan,Sohail Khan,25.5,7.28,7,21,0,0,0
472,PAK,1,0,1,0,0,0,0,0,0,0,0,0,13,1,1\13,0,0,0,0,Pakistan,Tanvir Ahmed,13,4.33,3,18,0,0,0
473,PAK,2,0,0,0,0,0,0,0,0,0,0,0,0,0,0,0,0,0,0,Pakistan,Shakeel Ansar,0,0,0,0,0,0,0
474,SL,1,0,1,0,0,0,0,0,0,0,0,0,19,1,1\19,0,0,0,0,Sri Lanka,RLB Rambukwella,19,4.75,4,24,0,0,0
